{"sheep": 0.22703628151418806, "pig": 0.14709744698944696, "chicken": 0.0717933371269834, "deer": 0.047193034957433516, "squirrel": 0.046000664279003234, "pony": 0.03759904113803736, "donkey": 0.025776803658970823, "goat": 0.023432248584619397, "duck": 0.02298281387128347, "turkey": 0.020758942469133523, "peacock": 0.020117214856896975, "cow": 0.019014831600611036, "owl": 0.016225820167820648, "bear": 0.01490970725800513, "goose": 0.011783040527064609, "rabbit": 0.011277183557925079, "pigeon": 0.010874729470297743, "lamb": 0.009386962605561855, "tiger": 0.008390500098851054, "turtle": 0.0077721198167167395, "poum": 0.007666341411489029, "giraffe": 0.0072972082394317855, "snake": 0.007282338081032256, "buffalo": 0.006431468050732867, "elephant": 0.006215750728931061, "bee": 0.005907228272932695, "bull": 0.005560608834354594, "shrew": 0.004772118854178682, "pumpkin": 0.0034167619660164794, "squirrels": 0.003410099595142794, "coyote": 0.003371307673174449, "crocodile": 0.003128783383775741, "ostrabbit": 0.00296177699120596, "hippie": 0.0029277895366163556, "tortoise": 0.0026754683819986656, "eagle": 0.002571447266776104, "whale": 0.002403520507810095, "rat": 0.0023933979522010075, "ham": 0.0023593463241770294, "calf": 0.002233929401053691, "crab": 0.002199538113298893, "seal": 0.0020765661388606905, "gorilla": 0.0020139051536094232, "chimpanzee": 0.0019717205900666346, "puppy": 0.00197114193805741, "rhor": 0.0019342348113163216, "camel": 0.0017921850850124126, "sheepie": 0.0016673702268000462, "bat": 0.0016458910788330339, "apple": 0.0016320271943881456}