{"sheep": 0.2613205354278439, "pig": 0.1399889444096723, "chicken": 0.053009140793346454, "pony": 0.03450902169330612, "deer": 0.030703171174654997, "squirrel": 0.028044057151266368, "goat": 0.02254553877525704, "donkey": 0.01893318071329673, "peacock": 0.018096142904715316, "duck": 0.015127033791501251, "cow": 0.013931894808595071, "cat": 0.012994855356129896, "bear": 0.012843134855086055, "pigeon": 0.010851776882608398, "tiger": 0.009333020183783942, "goose": 0.009037888681594141, "turkey": 0.008311809295247302, "owl": 0.0081723788459116, "elephant": 0.008106657708525759, "giraffe": 0.007529667521380549, "snake": 0.007497383554638834, "turtle": 0.006815623716707378, "rabbit": 0.005992624732653874, "lamb": 0.005988554920935829, "poum": 0.005885136960911524, "bee": 0.004853593560972156, "bull": 0.004824950357346428, "buffalo": 0.0045097373605356775, "crocodile": 0.004458196105707298, "shrew": 0.003838890127000143, "ostrabbit": 0.0032144304169707547, "hippie": 0.002798161170396146, "squirrels": 0.002747554024390695, "calf": 0.0026827731469689473, "chimpanzee": 0.0026611350721333373, "whale": 0.0025619477713355143, "rat": 0.002443590159092999, "camel": 0.00233391785512748, "rhor": 0.002281450522772764, "pumpkin": 0.0019917441356473854, "gorilla": 0.0019507906668766745, "hhorse": 0.0018866237702320132, "puppy": 0.0017382954682621172, "seal": 0.0017356684680258547, "ham": 0.0017252460285442244, "eagle": 0.00169357738562691, "bat": 0.0016524019001202895, "crab": 0.001623701634019503, "scorpion": 0.001604145330536772, "lion": 0.0015539800105597156}